201780044,Leonardo Martinez,leo1234
201709018,Cristian Suy,cris1234
201403877,Ebany Larios,qwerty12
201709018,Cristian Suy,cris1234
202210001,Ana Torres,anatorres23
202210002,Carlos Rivera,carlos123
202210003,Diana Hernandez,diana_2022
202210004,Manuel Chavez,manu4ever
202300008,Daniel Ramirez,danielramirez21
202300009,Laura Gomez,lauragomez21
202300010,Ruben Soto,rubensoto21
202210005,Alejandra Perez,alejandrapz
202210006,Jorge Flores,jflores45
202210007,Isabel Santos,isabels21
202210008,Diego Mendoza,diego_mendo
202210009,Julia Torres,julia_torres12
202210010,Adrian Ramirez,adrianr123
202210011,Mariana Soto,marianasoto22
202210012,Ricardo Ortiz,ricardoo123
202210013,Fabiola Perez,fabiolapz
202210014,Emilio Reyes,emilioreyes12
202210015,Laura Rodriguez,laurarodriguez
202210016,Hector Martinez,hectormtz_22
202210017,Sandra Lopez,sandralopz
202210018,Francisco Gomez,frangomez1
202210019,Natalia Hernandez,nathernandez
202210020,Ernesto Torres,ernestot123
201700001,Juan Perez,juanperez17
201700002,Maria Hernandez,mhernandez17
201800003,Alejandro Rodriguez,alejandror17
201800004,Lucia Garcia,luciagarcia17
201700005,Manuel Torres,manueltorres17
201700006,Carmen Ramirez,carmenr17
201900007,David Ortiz,davidortiz17
201900008,Ana Morales,anamorales17
201700009,Pablo Sanchez,pablosanchez17
201800010,Jessica Flores,jessicaflores17
2020100001,Alejandra Perez,alejandraperez21
2020100002,Luis Torres,luistorres21
2020100003,Carla Rodriguez,carlarodriguez21
2020100004,Diego Mendoza,diegomendoza21
2020100005,Sofia Hernandez,sofiahernandez21
202300006,Jorge Torres,jorgetorres21
202300007,Andrea Ortiz,andreaortiz21